{
  "__Vehicle__": {
    "vid": "3",
    "user": "\uae38\uc778\uc218",
    "social_activities": {
      "info": {
        "response": 0,
        "received_data": 0,
        "not_used_data": 0,
        "redistributed_data": 0
      },
      "scoring": 0,
      "ignoring": 0,
      "sharing": 0
    },
    "VDI": {
      "createdData": [
        {
          "contents": "\"(\uacf5\uc0ac\uc548\ub0b4) \uacbd\uae30\ub3c4 \ucd5c\ubd81\ub2e8\uc744 \ub3d9.\uc11c\ub85c \uc787\ub294 \uad6d\ub3c4 37\ud638\uc120 \ud30c\uc8fc ~ \uac00\ud3c9\uae4c\uc9c0 73Km\uad6c\uac04 \uc911 \ubbf8\uac1c\ud1b5\uad6c\uac04\uc778 \uc5f0\ucc9c \uccad\uc0b0\uba74 \ubc31\uc758\ub9ac\uc5d0\uc11c \uc7a5\ud0c4\ub9ac\uae4c\uc9c0 3.5Km\uad6c\uac04\uc5d0\uc11c \uacf5\uc0ac \uc911. \ube60\ub974\uba74 6\uc6d4, \ub2a6\uc5b4\ub3c4 8\uc6d4\uc5d0\ub294 \uac1c\ud1b5\uc744 \ubaa9\ud45c\ub85c \uc9c4\ud589\ud558\uace0 \uc788\uc74c.\"",
          "score": 1,
          "createdTime": [
            "2020-04-15",
            "08:57"
          ],
          "GPS": "38.02928429333917,127.10331725268198",
          "vid": "3"
        }
      ],
      "receivedData": {
        "contents": [],
        "score": 0,
        "createdTime": 0
      }
    },
    "VTI": {
      "DR": 1,
      "AS": 1,
      "NT": 3.124845795793119e+32,
      "UR": 1,
      "VT": 1.7677233368921604e+16,
      "connectivity": 6.249691591586238e+31,
      "CF": 5,
      "VT_updateTime": 0,
      "PVT": 0
    },
    "RTI": [
      {
        "vid": "38",
        "VT": 0,
        "position": 6.249691591586238e+31,
        "updateTime": 0
      }
    ]
  }
}