{
  "__Vehicle__": {
    "vid": "113",
    "user": "\ud64d\ud765\ud45c",
    "social_activities": {
      "info": {
        "response": 0,
        "received_data": 0,
        "not_used_data": 0,
        "redistributed_data": 0
      },
      "scoring": 0,
      "ignoring": 0,
      "sharing": 0
    },
    "VDI": {
      "createdData": [
        {
          "contents": "\"<\ucd5c\ucd08> \uacbd\uc778\uace0\uc18d\ub3c4\ub85c \uc11c\uc6b8\ubc29\ud5a5, \uc11c\uc778\ucc9c\ub098\ub4e4\ubaa9 1Km \uc815\ub3c4 \ubabb \uac04 \uc9c0\uc810 1\ucc28\ub85c\uc5d0\uc11c \ud654\ubb3c\ucc28 \uad00\ub828 \ucd94\ub3cc\uc0ac\uace0\uac00 \uc77c\uc5b4\ub098 \ud604\uc7ac \ucc98\ub9ac\uc791\uc5c5 \uc911.\"",
          "score": 1,
          "createdTime": [
            "2020-05-19",
            "08:53"
          ],
          "GPS": "37.52348023441721,126.6909766817946",
          "vid": "113"
        }
      ],
      "receivedData": {
        "contents": [],
        "score": 0,
        "createdTime": 0
      }
    },
    "VTI": {
      "DR": 1,
      "AS": 1,
      "NT": 3316206527741452.5,
      "UR": 1,
      "VT": 57586613.42,
      "connectivity": 663241305548290.5,
      "CF": 5,
      "VT_updateTime": 0,
      "PVT": 0
    },
    "RTI": [
      {
        "vid": "35",
        "VT": 0,
        "position": 663241305548290.5,
        "updateTime": 0
      }
    ]
  }
}