{
  "__Vehicle__": {
    "vid": "85",
    "user": "\uc804\ubbfc\ucca0",
    "social_activities": {
      "info": {
        "response": 0,
        "received_data": 0,
        "not_used_data": 0,
        "redistributed_data": 0
      },
      "scoring": 0,
      "ignoring": 0,
      "sharing": 0
    },
    "VDI": {
      "createdData": [
        {
          "contents": "\"(\uacf5\uc0ac\uc548\ub0b4) \uacbd\uc778\uc544\ub77c\ubc43\uae38\uc744 \ud6a1\ub2e8\ud558\ub294 \uc778\ucc9c\uc9c0\ud558\ucca0 1\ud638\uc120 \uac80\ub2e8\uc2e0\ub3c4\uc2dc \uc5f0\uc7a5\uc120 1\uacf5\uad6c\uc5d0\uc11c \uc9c0\ubc18 \ubcf4\uac15 \uacf5\uc0ac \uc911. \uc774 \uacf5\uc0ac\ub294 2024\ub144 \ub9d0 \uac1c\ud1b5\uc744 \ubaa9\ud45c\ub85c \uc9c4\ud589\ub418\uace0 \uc788\uace0, \ucc29\uc218\uc2dd\uc740 2\uc6d4 11\uc77c \uc624\ud6c4\uc5d0 101\uc815\uac70\uc7a5 \uc77c\uc6d0\uc5d0\uc11c \uac1c\ucd5c\ub420 \uc608\uc815\uc784.\"",
          "score": 0,
          "createdTime": [
            "2020-05-25",
            "10:54"
          ],
          "GPS": "37.47919412307878,126.7107125011288",
          "vid": "86"
        }
      ],
      "receivedData": {
        "contents": [],
        "score": 0,
        "createdTime": 0
      }
    },
    "VTI": {
      "DR": 0,
      "AS": 0,
      "NT": 0,
      "UR": 0,
      "VT": 0,
      "connectivity": 0,
      "CF": 0,
      "VT_updateTime": 0,
      "PVT": 0
    },
    "RTI": []
  }
}